,amine_single_point,acid_single_point,product_single_point,delta_g_reaction
0,-213.623724027019,-459.789652523467,-597.048306751282,76.36506979920398
