,amine_single_point,acid_single_point,product_single_point,delta_g_reaction
0,-292.183161833242,-459.789652523467,-675.60934894023,76.36346541647902
