,amine_single_point,acid_single_point,product_single_point,delta_g_reaction
0,-326.648306970027,-459.789652523467,-710.074243749594,76.3637157439
