,amine_single_point,acid_single_point,product_single_point,delta_g_reaction
0,-401.765523080167,-420.512043441459,-745.906071942055,76.37149457957105
