,amine_single_point,acid_single_point,product_single_point,delta_g_reaction
0,-330.266427443276,-538.354184706518,-792.249454012016,76.37115813777791
