,amine_single_point,acid_single_point,product_single_point,delta_g_reaction
0,-326.648306970027,-534.974580039992,-785.258331786327,76.36455522369204
