,amine_single_point,acid_single_point,product_single_point,delta_g_reaction
0,-342.678500567172,-459.798169509392,-726.104406760793,76.37226331577097
