,amine_single_point,acid_single_point,product_single_point,delta_g_reaction
0,-326.648306970027,-421.946373863686,-672.234372007287,76.36030882642604
