,amine_single_point,acid_single_point,product_single_point,delta_g_reaction
0,-365.930123890311,-497.859388056054,-787.413635475246,76.375876471119
