,amine_single_point,acid_single_point,product_single_point,delta_g_reaction
0,-326.648306970027,-538.361774609721,-788.641240865046,76.36884071470195
