,amine_single_point,acid_single_point,product_single_point,delta_g_reaction
0,-593.656557121672,-452.569638994475,-969.869213278204,76.35698283794306
