,amine_single_point,acid_single_point,product_single_point,delta_g_reaction
0,-292.183161833242,-778.845156311441,-994.669375441961,76.35894270272195
