,amine_single_point,acid_single_point,product_single_point,delta_g_reaction
0,-401.822492309816,-501.460370938933,-826.915021383116,76.36784186563295
