,amine_single_point,acid_single_point,product_single_point,delta_g_reaction
0,-251.702040513477,-497.859388056054,-673.180964848505,76.38046372102599
