,amine_single_point,acid_single_point,product_single_point,delta_g_reaction
0,-441.351566141707,-420.512043441459,-785.505296135035,76.35831344813096
