,amine_single_point,acid_single_point,product_single_point,delta_g_reaction
0,-365.932270265052,-420.512043441459,-710.080188212012,76.36412549449904
