,amine_single_point,acid_single_point,product_single_point,delta_g_reaction
0,-995.290132635907,-879.981026342916,-1798.884175237735,76.38698374108799
