,amine_single_point,acid_single_point,product_single_point,delta_g_reaction
0,-326.648306970027,-499.076127953621,-749.357960640437,76.366474283211
