,amine_single_point,acid_single_point,product_single_point,delta_g_reaction
0,-213.625258550307,-459.789652523467,-597.053586417343,76.36132465643095
