,amine_single_point,acid_single_point,product_single_point,delta_g_reaction
0,-365.930123890311,-578.881691269279,-868.440364719859,76.371450439731
