,amine_single_point,acid_single_point,product_single_point,delta_g_reaction
0,-326.648306970027,-461.230872063702,-711.5102190716,76.36895996212911
