,amine_single_point,acid_single_point,product_single_point,delta_g_reaction
0,-326.648306970027,-578.881691269279,-829.15834355571,76.37165468359603
