,amine_single_point,acid_single_point,product_single_point,delta_g_reaction
0,-882.266458766724,-879.981026342916,-1685.860960572175,76.386524537465
