,amine_single_point,acid_single_point,product_single_point,delta_g_reaction
0,-287.572806154741,-538.361774609721,-749.565726147134,76.368854617328
