,amine_single_point,acid_single_point,product_single_point,delta_g_reaction
0,-326.648306970027,-741.219640844093,-991.505093729983,76.3628540841371
