,amine_single_point,acid_single_point,product_single_point,delta_g_reaction
0,-212.413317387514,-459.794802426792,-595.843698382107,76.36442143219892
