,amine_single_point,acid_single_point,product_single_point,delta_g_reaction
0,-290.995163986143,-538.363450708939,-752.976802875362,76.38181181972004
