,amine_single_point,acid_single_point,product_single_point,delta_g_reaction
0,-365.930583868609,-574.038759809069,-863.601601351406,76.36774232627204
