,amine_single_point,acid_single_point,product_single_point,delta_g_reaction
0,-326.648306970027,-512.693125225355,-762.969277345884,76.37215484949786
