,amine_single_point,acid_single_point,product_single_point,delta_g_reaction
0,-401.822492309816,-383.601670100345,-709.053108624293,76.37105378586796
