,amine_single_point,acid_single_point,product_single_point,delta_g_reaction
0,-365.932232290528,-656.197898230593,-945.76769209957,76.3624384215509
