,amine_single_point,acid_single_point,product_single_point,delta_g_reaction
0,-401.822492309816,-460.932943521946,-786.393882552817,76.36155327894505
