,amine_single_point,acid_single_point,product_single_point,delta_g_reaction
0,-326.648306970027,-424.133226179889,-674.41225301212,76.36928013779595
