,amine_single_point,acid_single_point,product_single_point,delta_g_reaction
0,-365.91968127061,-424.133293018646,-713.670308132323,76.38266615693294
