,amine_single_point,acid_single_point,product_single_point,delta_g_reaction
0,-326.648306970027,-418.317285310361,-668.597964206731,76.36762807365699
