,amine_single_point,acid_single_point,product_single_point,delta_g_reaction
0,-326.648306970027,-459.803865823336,-710.077296117921,76.37487667544201
