,amine_single_point,acid_single_point,product_single_point,delta_g_reaction
0,-365.91968127061,-420.511845492984,-710.065523964353,76.36600279924096
