,amine_single_point,acid_single_point,product_single_point,delta_g_reaction
0,-365.932270265052,-538.361774609721,-827.92159042728,76.37245444749306
