,amine_single_point,acid_single_point,product_single_point,delta_g_reaction
0,-287.378225318522,-574.232603882341,-785.235049240784,76.37577996007906
