,amine_single_point,acid_single_point,product_single_point,delta_g_reaction
0,-326.648306970027,-538.354184706518,-788.641240865046,76.36125081149908
