,amine_single_point,acid_single_point,product_single_point,delta_g_reaction
0,-326.648306970027,-424.14392926519,-674.41225301212,76.37998322309704
