,amine_single_point,acid_single_point,product_single_point,delta_g_reaction
0,-401.765523080167,-538.35906773099,-863.748620849147,76.37596996201
