,amine_single_point,acid_single_point,product_single_point,delta_g_reaction
0,-213.625258550307,-345.533900935889,-482.797951021427,76.36120846476899
