,amine_single_point,acid_single_point,product_single_point,delta_g_reaction
0,-287.378225318522,-538.354184706518,-749.361398908985,76.371011116055
