,amine_single_point,acid_single_point,product_single_point,delta_g_reaction
0,-2860.641315756953,-499.071040815033,-3283.344736506508,76.36762006547815
