,amine_single_point,acid_single_point,product_single_point,delta_g_reaction
0,-365.91968127061,-420.512043441459,-710.065523964353,76.366200747716
