,amine_single_point,acid_single_point,product_single_point,delta_g_reaction
0,-326.648306970027,-690.657420041659,-940.943038439091,76.36268857259506
