,amine_single_point,acid_single_point,product_single_point,delta_g_reaction
0,-630.708039985157,-612.306904398303,-1166.635411054383,76.37953332907705
