,amine_single_point,acid_single_point,product_single_point,delta_g_reaction
0,-287.378225318522,-538.361774609721,-749.361398908985,76.37860101925799
