,amine_single_point,acid_single_point,product_single_point,delta_g_reaction
0,-326.648306970027,-459.794802426792,-710.074243749594,76.368865647225
