,amine_single_point,acid_single_point,product_single_point,delta_g_reaction
0,-326.648306970027,-656.206832410361,-906.477069703025,76.37806967736299
