,amine_single_point,acid_single_point,product_single_point,delta_g_reaction
0,-213.625258550307,-690.657420041659,-827.922657610515,76.36002098145093
