,amine_single_point,acid_single_point,product_single_point,delta_g_reaction
0,-326.648306970027,-346.769592514877,-597.054968365351,76.36293111955297
