,amine_single_point,acid_single_point,product_single_point,delta_g_reaction
0,-287.378225318522,-305.006625092228,-516.006877310365,76.37797310038502
