,amine_single_point,acid_single_point,product_single_point,delta_g_reaction
0,-497.410616069019,-459.798169509392,-880.840115569964,76.36867000844688
