,amine_single_point,acid_single_point,product_single_point,delta_g_reaction
0,-834.898820543478,-345.542347000551,-1104.080307415873,76.36086012815599
