,amine_single_point,acid_single_point,product_single_point,delta_g_reaction
0,-750.897493137164,-1236.844792235607,-1912.47852616825,75.26375920452097
