,amine_single_point,acid_single_point,product_single_point,delta_g_reaction
0,-365.930123890311,-383.601670100345,-673.166869867624,76.3649241230321
