,amine_single_point,acid_single_point,product_single_point,delta_g_reaction
0,-444.489101440402,-420.512043441459,-788.637936613356,76.36320826850499
