,amine_single_point,acid_single_point,product_single_point,delta_g_reaction
0,-326.648306970027,-656.197898230593,-906.484124870875,76.36208032974503
