,amine_single_point,acid_single_point,product_single_point,delta_g_reaction
0,-326.648306970027,-656.209703760552,-906.484124870875,76.37388585970405
