,amine_single_point,acid_single_point,product_single_point,delta_g_reaction
0,-251.702040513477,-459.789652523467,-635.121002845622,76.37069019132196
