,amine_single_point,acid_single_point,product_single_point,delta_g_reaction
0,-326.648306970027,-420.511845492984,-670.796894732494,76.36325773051692
