,amine_single_point,acid_single_point,product_single_point,delta_g_reaction
0,-212.413061360923,-459.789652523467,-595.843698382107,76.359015502283
