,amine_single_point,acid_single_point,product_single_point,delta_g_reaction
0,-330.258395049222,-497.849981899004,-751.747464970498,76.36091197772794
