,amine_single_point,acid_single_point,product_single_point,delta_g_reaction
0,-326.648306970027,-386.055362989,-636.332603228604,76.37106673042308
