,amine_single_point,acid_single_point,product_single_point,delta_g_reaction
0,-365.91968127061,-538.354184706518,-827.906205478648,76.36766049848006
