,amine_single_point,acid_single_point,product_single_point,delta_g_reaction
0,-326.648306970027,-420.521547218235,-670.796894732494,76.37295945576795
