,amine_single_point,acid_single_point,product_single_point,delta_g_reaction
0,-401.822492309816,-497.859388056054,-823.301552674184,76.38032769168603
