,amine_single_point,acid_single_point,product_single_point,delta_g_reaction
0,-365.930123890311,-501.460370938933,-791.027055763683,76.36343906556101
