,amine_single_point,acid_single_point,product_single_point,delta_g_reaction
0,-326.648306970027,-464.617985873583,-714.890966446911,76.37532639669905
