,amine_single_point,acid_single_point,product_single_point,delta_g_reaction
0,-330.258395049222,-420.511845492984,-674.404091648983,76.366148893223
