,amine_single_point,acid_single_point,product_single_point,delta_g_reaction
0,-441.11237866893,-459.798169509392,-824.541239172411,76.36930900591096
