,amine_single_point,acid_single_point,product_single_point,delta_g_reaction
0,-365.930123890311,-344.321747202284,-633.881383744934,76.37048734766086
