,amine_single_point,acid_single_point,product_single_point,delta_g_reaction
0,-326.648306970027,-1145.908559678782,-1396.188595789937,76.36827085887217
