,amine_single_point,acid_single_point,product_single_point,delta_g_reaction
0,-292.175463372456,-538.354184706518,-754.169261889006,76.36038618996815
