,amine_single_point,acid_single_point,product_single_point,delta_g_reaction
0,-326.648306970027,-497.859388056054,-748.136068196955,76.37162682912606
