,amine_single_point,acid_single_point,product_single_point,delta_g_reaction
0,-401.822492309816,-420.512043441459,-745.965331775552,76.36920397572305
