,amine_single_point,acid_single_point,product_single_point,delta_g_reaction
0,-326.648623979249,-591.269602600588,-841.547328103835,76.37089847600203
