,amine_single_point,acid_single_point,product_single_point,delta_g_reaction
0,-326.648306970027,-574.232603882341,-824.51956496531,76.36134588705806
