,amine_single_point,acid_single_point,product_single_point,delta_g_reaction
0,-292.183161833242,-578.881691269279,-794.692528698724,76.37232440379705
