,amine_single_point,acid_single_point,product_single_point,delta_g_reaction
0,-326.648306970027,-669.124606546945,-919.395271358046,76.37764215892605
