,amine_single_point,acid_single_point,product_single_point,delta_g_reaction
0,-287.582665956704,-420.512043441459,-631.717221721242,76.37748767692096
