,amine_single_point,acid_single_point,product_single_point,delta_g_reaction
0,-401.822492309816,-538.35906773099,-863.80481150425,76.37674853655608
