,amine_single_point,acid_single_point,product_single_point,delta_g_reaction
0,-326.648306970027,-425.334198477172,-675.612350592516,76.37015485468294
