,amine_single_point,acid_single_point,product_single_point,delta_g_reaction
0,-365.91968127061,-459.789652523467,-749.344515961954,76.36481783212298
