,amine_single_point,acid_single_point,product_single_point,delta_g_reaction
0,-287.572806154741,-420.512043441459,-631.717221721242,76.36762787495798
