,amine_single_point,acid_single_point,product_single_point,delta_g_reaction
0,-326.648306970027,-534.974780484784,-785.248792387958,76.37429506685294
