,amine_single_point,acid_single_point,product_single_point,delta_g_reaction
0,-326.648306970027,-717.635868504697,-967.922255627031,76.361919847693
