,amine_single_point,acid_single_point,product_single_point,delta_g_reaction
0,-292.183161833242,-499.071040815033,-714.894987314171,76.35921533410396
