,amine_single_point,acid_single_point,product_single_point,delta_g_reaction
0,-326.648306970027,-418.318154103384,-668.594497458085,76.37196361532597
