,amine_single_point,acid_single_point,product_single_point,delta_g_reaction
0,-444.489101440402,-538.361774609721,-906.481816721868,76.36905932825505
